round,avg_accuracy
1,0.09992006889800953
2,0.09669950384104753
1,0.11153185181149304
1,0.10553598726055496
2,0.11003033171716897
3,0.10943286066046247
